date,direction,entry_time,entry_price,stop_price,target_price,exit_time,exit_price,exit_reason,shares,gross_pnl,costs,net_pnl,r_multiple,mae_usd,mfe_usd,mae_r,mfe_r
2022-01-04,short,2022-01-04 10:03:00-05:00,479.065,479.98,477.23499999999996,2022-01-04 11:00:00-05:00,477.23499999999996,target,109,199.47000000000446,6.54,192.93000000000447,1.9293000000000446,72.48500000000223,218.5449999999995,0.7248500000000223,2.185449999999995
2022-01-05,long,2022-01-05 10:25:00-05:00,477.63,476.15,480.59000000000003,2022-01-05 12:43:00-05:00,476.15,stop,67,-99.16000000000122,4.02,-103.18000000000121,-1.031800000000012,99.83000000000061,22.109999999998934,0.9983000000000061,0.22109999999998933
2022-01-06,short,2022-01-06 10:00:00-05:00,466.82,470.385,459.69,2022-01-06 12:43:00-05:00,470.385,stop,28,-99.81999999999994,1.68,-101.49999999999994,-1.0149999999999995,101.36000000000013,38.91999999999962,1.0136000000000012,0.38919999999999616
2022-01-07,short,2022-01-07 10:30:00-05:00,466.81,469.19,462.05,2022-01-07 16:00:00-05:00,466.19,eod,42,26.04000000000019,2.52,23.52000000000019,0.2352000000000019,53.12999999999943,88.62000000000057,0.5312999999999942,0.8862000000000058
2022-01-10,short,2022-01-10 10:01:00-05:00,459.04,463.02,451.0800000000001,2022-01-10 14:09:00-05:00,463.02,stop,25,-99.49999999999903,1.5,-100.99999999999903,-1.0099999999999902,100.74999999999932,60.75000000000017,1.0074999999999932,0.6075000000000017
2022-01-12,long,2022-01-12 10:00:00-05:00,472.65,470.96,476.03,2022-01-12 10:39:00-05:00,470.96,stop,59,-99.70999999999987,3.54,-103.24999999999987,-1.0324999999999986,103.83999999999946,31.270000000001744,1.0383999999999947,0.31270000000001746
2022-01-12,short,2022-01-12 10:41:00-05:00,470.96,472.65,467.58,2022-01-12 15:59:00-05:00,471.1,eod,59,-8.260000000002549,3.54,-11.800000000002548,-0.11800000000002547,50.740000000000805,116.22999999999826,0.5074000000000081,1.1622999999999826
2022-01-13,short,2022-01-13 10:04:00-05:00,471.76,472.83,469.62,2022-01-13 10:51:00-05:00,469.62,target,93,199.01999999999873,5.58,193.43999999999872,1.9343999999999872,24.179999999999154,217.61999999999767,0.24179999999999155,2.1761999999999766
2022-01-14,long,2022-01-14 10:00:00-05:00,464.47,460.75,471.9100000000001,2022-01-14 11:19:00-05:00,460.75,stop,26,-96.72000000000071,1.56,-98.28000000000071,-0.9828000000000071,97.24000000000024,9.099999999999113,0.9724000000000024,0.09099999999999113
2022-01-19,short,2022-01-19 10:17:00-05:00,457.76,459.59,454.1,2022-01-19 15:32:00-05:00,454.1,target,54,197.63999999999828,3.2399999999999998,194.39999999999827,1.9439999999999826,23.22000000000037,206.27999999999963,0.23220000000000368,2.062799999999996
2022-01-20,long,2022-01-20 10:31:00-05:00,457.0,453.53,463.94000000000005,2022-01-20 14:38:00-05:00,453.53,stop,28,-97.16000000000076,1.68,-98.84000000000077,-0.9884000000000077,97.44000000000051,48.44000000000051,0.974400000000005,0.4844000000000051
2022-01-21,short,2022-01-21 10:01:00-05:00,443.17,446.595,436.32,2022-01-21 10:50:00-05:00,446.595,stop,29,-99.32500000000033,1.74,-101.06500000000032,-1.0106500000000032,106.42999999999881,72.78999999999974,1.064299999999988,0.7278999999999973
2022-01-21,long,2022-01-21 10:51:00-05:00,446.595,443.17,453.44500000000005,2022-01-21 12:17:00-05:00,443.17,stop,29,-99.32500000000033,1.74,-101.06500000000032,-1.0106500000000032,103.38500000000158,41.61499999999842,1.033850000000016,0.4161499999999842
2022-01-24,short,2022-01-24 10:03:00-05:00,428.46,433.38,418.61999999999995,2022-01-24 15:15:00-05:00,433.38,stop,20,-98.40000000000032,1.2,-99.60000000000032,-0.9960000000000032,100.20000000000095,152.5999999999999,1.0020000000000095,1.5259999999999991
2022-01-25,short,2022-01-25 10:01:00-05:00,428.53,434.64,416.30999999999995,2022-01-25 13:45:00-05:00,434.64,stop,16,-97.76000000000022,0.96,-98.72000000000021,-0.9872000000000021,104.32000000000062,21.11999999999989,1.0432000000000061,0.21119999999999892
2022-01-26,long,2022-01-26 10:00:00-05:00,442.34,438.85,449.3199999999999,2022-01-26 10:28:00-05:00,438.85,stop,28,-97.71999999999866,1.68,-99.39999999999867,-0.9939999999999867,101.5,20.720000000000255,1.015,0.20720000000000255
2022-01-26,short,2022-01-26 10:29:00-05:00,438.85,442.34,431.8700000000001,2022-01-26 14:00:00-05:00,442.34,stop,28,-97.71999999999866,1.68,-99.39999999999867,-0.9939999999999867,112.83999999999924,35.84000000000083,1.1283999999999923,0.35840000000000827
2022-01-27,long,2022-01-27 10:09:00-05:00,441.26,437.04,449.69999999999993,2022-01-27 10:31:00-05:00,437.04,stop,23,-97.05999999999932,1.38,-98.43999999999932,-0.9843999999999932,102.00500000000005,6.670000000000471,1.0200500000000006,0.0667000000000047
2022-01-27,short,2022-01-27 10:32:00-05:00,437.04,441.26,428.6000000000001,2022-01-27 15:59:00-05:00,431.315,eod,23,131.67500000000052,1.38,130.29500000000053,1.3029500000000054,75.43999999999937,174.10999999999984,0.7543999999999937,1.7410999999999985
2022-01-28,short,2022-01-28 10:01:00-05:00,427.97,433.08,417.7500000000001,2022-01-28 10:59:00-05:00,433.08,stop,19,-97.08999999999918,1.14,-98.22999999999918,-0.9822999999999918,102.7899999999994,2.660000000000821,1.027899999999994,0.026600000000008207
2022-01-28,long,2022-01-28 11:00:00-05:00,433.08,427.97,443.2999999999999,2022-01-28 15:59:00-05:00,441.95,eod,19,168.5300000000001,1.14,167.3900000000001,1.673900000000001,21.280000000000086,169.29000000000048,0.21280000000000088,1.6929000000000047
2022-01-31,long,2022-01-31 10:00:00-05:00,443.175,439.86,449.805,2022-01-31 15:54:00-05:00,449.805,target,30,198.89999999999986,1.7999999999999998,197.09999999999985,1.9709999999999985,0.0,210.0,0.0,2.1
2022-02-01,short,2022-02-01 10:00:00-05:00,448.75,451.0,444.25,2022-02-01 11:59:00-05:00,451.0,stop,44,-99.0,2.6399999999999997,-101.64,-1.0164,99.8799999999992,79.2000000000005,0.998799999999992,0.792000000000005
2022-02-02,short,2022-02-02 10:26:00-05:00,454.0,456.33,449.34000000000003,2022-02-02 12:47:00-05:00,456.33,stop,42,-97.85999999999933,2.52,-100.37999999999933,-1.0037999999999934,107.10000000000048,39.479999999999905,1.0710000000000048,0.39479999999999904
2022-02-03,long,2022-02-03 10:20:00-05:00,452.28,450.03,456.78,2022-02-03 12:02:00-05:00,450.03,stop,44,-99.0,2.6399999999999997,-101.64,-1.0164,104.2799999999977,28.1600000000019,1.042799999999977,0.281600000000019
2022-02-04,long,2022-02-04 10:15:00-05:00,448.24,445.15,454.4200000000001,2022-02-04 10:38:00-05:00,445.15,stop,32,-98.88000000000102,1.92,-100.80000000000102,-1.0080000000000102,103.68000000000029,14.719999999999345,1.0368000000000028,0.14719999999999345
2022-02-04,short,2022-02-04 10:39:00-05:00,445.15,448.24,438.9699999999999,2022-02-04 12:50:00-05:00,448.24,stop,32,-98.88000000000102,1.92,-100.80000000000102,-1.0080000000000102,102.07999999999993,40.95999999999913,1.0207999999999993,0.40959999999999125
2022-02-07,long,2022-02-07 10:33:00-05:00,450.36,448.315,454.45000000000005,2022-02-07 11:38:00-05:00,448.315,stop,48,-98.16000000000076,2.88,-101.04000000000076,-1.0104000000000075,119.04000000000087,21.11999999999989,1.1904000000000088,0.21119999999999892
2022-02-08,short,2022-02-08 10:00:00-05:00,446.1,447.41,443.48,2022-02-08 10:45:00-05:00,447.41,stop,76,-99.56000000000017,4.56,-104.12000000000018,-1.0412000000000017,104.87999999999965,63.84000000000242,1.0487999999999966,0.6384000000000242
2022-02-08,long,2022-02-08 10:46:00-05:00,447.41,446.1,450.03000000000003,2022-02-08 11:45:00-05:00,450.03000000000003,target,76,199.12000000000035,4.56,194.56000000000034,1.9456000000000033,0.0,201.39999999999827,0.0,2.013999999999983
2022-02-09,long,2022-02-09 10:09:00-05:00,456.36,455.04,459.0,2022-02-09 15:59:00-05:00,457.41,eod,75,78.75000000000085,4.5,74.25000000000085,0.7425000000000085,88.50000000000051,107.25000000000051,0.8850000000000051,1.0725000000000051
2022-02-10,long,2022-02-10 10:01:00-05:00,455.505,451.36,463.79499999999996,2022-02-10 13:32:00-05:00,451.36,stop,24,-99.47999999999956,1.44,-100.91999999999956,-1.0091999999999957,105.96000000000049,52.20000000000027,1.059600000000005,0.5220000000000027
2022-02-11,short,2022-02-11 10:13:00-05:00,448.835,451.54,443.4249999999999,2022-02-11 13:39:00-05:00,443.4249999999999,target,36,194.76000000000295,2.16,192.60000000000295,1.9260000000000295,57.240000000001146,213.29999999999836,0.5724000000000115,2.1329999999999836
2022-02-14,short,2022-02-14 10:01:00-05:00,438.98,441.25,434.44000000000005,2022-02-14 12:31:00-05:00,441.25,stop,44,-99.8799999999992,2.6399999999999997,-102.5199999999992,-1.025199999999992,104.7199999999998,68.6400000000001,1.047199999999998,0.686400000000001
2022-02-15,long,2022-02-15 10:49:00-05:00,445.78,443.46,450.41999999999996,2022-02-15 12:48:00-05:00,443.46,stop,43,-99.7599999999997,2.58,-102.3399999999997,-1.023399999999997,102.76999999999941,8.170000000002346,1.027699999999994,0.08170000000002346
2022-02-16,short,2022-02-16 10:00:00-05:00,442.51,444.79,437.94999999999993,2022-02-16 14:08:00-05:00,444.79,stop,43,-98.04000000000127,2.58,-100.62000000000127,-1.0062000000000126,104.06000000000068,23.65000000000049,1.0406000000000069,0.2365000000000049
2022-02-17,short,2022-02-17 10:00:00-05:00,440.6,443.73,434.34000000000003,2022-02-17 16:00:00-05:00,436.9,eod,31,114.70000000000141,1.8599999999999999,112.84000000000141,1.128400000000014,44.79499999999979,129.42500000000035,0.4479499999999979,1.2942500000000035
2022-02-18,short,2022-02-18 10:40:00-05:00,435.95,438.64,430.57,2022-02-18 16:00:00-05:00,434.44,eod,37,55.86999999999966,2.2199999999999998,53.649999999999665,0.5364999999999966,51.429999999999495,150.9599999999994,0.514299999999995,1.509599999999994
2022-02-22,long,2022-02-22 10:29:00-05:00,435.13,430.51,444.37,2022-02-22 11:55:00-05:00,430.51,stop,21,-97.0200000000001,1.26,-98.2800000000001,-0.982800000000001,98.07000000000033,7.7700000000000955,0.9807000000000033,0.07770000000000095
2022-02-23,short,2022-02-23 10:00:00-05:00,431.06,433.22,426.73999999999995,2022-02-23 11:18:00-05:00,426.73999999999995,target,46,198.7200000000023,2.76,195.9600000000023,1.959600000000023,3.679999999999268,203.7800000000003,0.03679999999999268,2.037800000000003
2022-02-24,long,2022-02-24 10:13:00-05:00,415.88,410.65,426.34000000000003,2022-02-24 15:34:00-05:00,426.34000000000003,target,19,198.7400000000007,1.14,197.6000000000007,1.976000000000007,27.359999999999957,201.9699999999999,0.27359999999999957,2.019699999999999
2022-02-25,short,2022-02-25 10:00:00-05:00,428.275,431.215,422.395,2022-02-25 10:23:00-05:00,431.215,stop,34,-99.95999999999992,2.04,-101.99999999999993,-1.0199999999999994,111.69000000000085,11.55999999999915,1.1169000000000084,0.1155999999999915
2022-02-25,long,2022-02-25 10:24:00-05:00,431.215,428.275,437.09499999999997,2022-02-25 12:33:00-05:00,437.09499999999997,target,34,199.91999999999985,2.04,197.87999999999985,1.9787999999999986,20.909999999998377,202.1300000000017,0.20909999999998377,2.021300000000017
2022-02-28,long,2022-02-28 10:00:00-05:00,434.45,431.9,439.55,2022-02-28 10:19:00-05:00,431.9,stop,39,-99.45000000000044,2.34,-101.79000000000045,-1.0179000000000045,100.22999999999973,1.560000000000798,1.0022999999999973,0.01560000000000798
2022-02-28,long,2022-02-28 10:37:00-05:00,434.45,431.9,439.55,2022-02-28 14:07:00-05:00,431.9,stop,39,-99.45000000000044,2.34,-101.79000000000045,-1.0179000000000045,99.45000000000044,145.08000000000106,0.9945000000000044,1.4508000000000107
2022-03-01,short,2022-03-01 10:02:00-05:00,434.44,437.15,429.02000000000004,2022-03-01 12:08:00-05:00,429.02000000000004,target,36,195.11999999999853,2.16,192.95999999999853,1.9295999999999853,39.60000000000082,197.28000000000065,0.3960000000000082,1.9728000000000065
2022-03-02,long,2022-03-02 10:05:00-05:00,434.65,431.98,439.9899999999999,2022-03-02 10:09:00-05:00,431.98,stop,37,-98.78999999999849,2.2199999999999998,-101.00999999999848,-1.010099999999985,108.77999999999992,0.7400000000014302,1.0877999999999992,0.007400000000014301
2022-03-02,short,2022-03-02 10:10:00-05:00,431.98,434.65,426.6400000000001,2022-03-02 10:29:00-05:00,434.65,stop,37,-98.78999999999849,2.2199999999999998,-101.00999999999848,-1.010099999999985,114.69999999999874,11.10000000000042,1.1469999999999874,0.1110000000000042
2022-03-02,long,2022-03-02 10:30:00-05:00,434.65,431.98,439.9899999999999,2022-03-02 16:00:00-05:00,437.8,eod,37,116.55000000000126,2.2199999999999998,114.33000000000126,1.1433000000000126,47.35999999999899,183.890000000001,0.4735999999999899,1.8389000000000102
2022-03-03,short,2022-03-03 10:06:00-05:00,438.97,441.085,434.7400000000001,2022-03-03 11:06:00-05:00,434.7400000000001,target,47,198.8099999999955,2.82,195.98999999999552,1.9598999999999551,16.91999999999797,202.5700000000001,0.1691999999999797,2.025700000000001
2022-03-04,short,2022-03-04 10:11:00-05:00,429.47,432.425,423.56000000000006,2022-03-04 13:00:00-05:00,432.425,stop,33,-97.51499999999947,1.98,-99.49499999999948,-0.9949499999999948,104.27999999999895,50.160000000001276,1.0427999999999895,0.5016000000000127
2022-03-07,short,2022-03-07 10:00:00-05:00,427.94,431.81,420.2,2022-03-07 15:49:00-05:00,420.2,target,25,193.50000000000023,1.5,192.00000000000023,1.9200000000000024,17.74999999999949,196.7500000000001,0.17749999999999488,1.9675000000000011
2022-03-08,short,2022-03-08 10:00:00-05:00,417.77,421.17,410.9699999999999,2022-03-08 12:10:00-05:00,421.17,stop,29,-98.60000000000099,1.74,-100.34000000000098,-1.0034000000000098,102.08000000000112,75.39999999999901,1.0208000000000113,0.7539999999999901
2022-03-09,long,2022-03-09 10:02:00-05:00,425.68,422.86,431.32,2022-03-09 16:00:00-05:00,427.94,eod,35,79.09999999999968,2.1,76.99999999999969,0.7699999999999969,32.20000000000056,133.69999999999976,0.32200000000000556,1.3369999999999975
2022-03-10,long,2022-03-10 10:19:00-05:00,424.98,422.06,430.82000000000005,2022-03-10 10:54:00-05:00,422.06,stop,34,-99.28000000000054,2.04,-101.32000000000055,-1.0132000000000054,100.30000000000155,9.179999999999382,1.0030000000000154,0.09179999999999382
2022-03-10,short,2022-03-10 10:55:00-05:00,422.06,424.98,416.21999999999997,2022-03-10 14:05:00-05:00,424.98,stop,34,-99.28000000000054,2.04,-101.32000000000055,-1.0132000000000054,108.12000000000023,55.080000000000155,1.0812000000000024,0.5508000000000015
2022-03-11,short,2022-03-11 10:00:00-05:00,426.6,428.71,422.3800000000001,2022-03-11 15:12:00-05:00,422.3800000000001,target,47,198.33999999999594,2.82,195.51999999999595,1.9551999999999594,22.08999999999861,203.51000000000192,0.2208999999999861,2.0351000000000194
2022-03-14,long,2022-03-14 10:02:00-04:00,421.95,419.17,427.50999999999993,2022-03-14 12:12:00-04:00,419.17,stop,35,-97.29999999999905,2.1,-99.39999999999904,-0.9939999999999904,106.92500000000024,89.60000000000008,1.0692500000000025,0.8960000000000008
2022-03-15,long,2022-03-15 10:28:00-04:00,421.305,418.44,427.035,2022-03-15 16:00:00-04:00,426.07,eod,34,162.00999999999954,2.04,159.96999999999954,1.5996999999999955,1.870000000000232,188.01999999999907,0.01870000000000232,1.8801999999999908
2022-03-16,long,2022-03-16 10:15:00-04:00,432.625,429.8,438.275,2022-03-16 14:01:00-04:00,429.8,stop,35,-98.8749999999996,2.1,-100.9749999999996,-1.009749999999996,126.875,64.22499999999928,1.26875,0.6422499999999929
2022-03-17,long,2022-03-17 10:00:00-04:00,436.215,433.21,442.22499999999997,2022-03-17 16:00:00-04:00,440.88,eod,33,153.94500000000068,1.98,151.96500000000069,1.5196500000000068,72.76499999999947,159.5550000000012,0.7276499999999948,1.595550000000012
2022-03-18,long,2022-03-18 10:00:00-04:00,439.12,437.23,442.9,2022-03-18 15:03:00-04:00,442.9,target,52,196.55999999999858,3.12,193.43999999999858,1.9343999999999857,31.980000000000473,198.12000000000012,0.31980000000000475,1.9812000000000012
2022-03-21,short,2022-03-21 10:00:00-04:00,443.91,446.46,438.8100000000001,2022-03-21 16:00:00-04:00,444.44,eod,39,-20.669999999998936,2.34,-23.009999999998936,-0.23009999999998937,76.04999999999956,125.58000000000106,0.7604999999999955,1.2558000000000107
2022-03-22,long,2022-03-22 10:00:00-04:00,447.465,445.94,450.51499999999993,2022-03-22 15:50:00-04:00,450.51499999999993,target,65,198.24999999999704,3.9,194.34999999999704,1.9434999999999705,12.025000000000148,202.4750000000006,0.12025000000000148,2.024750000000006
2022-03-23,long,2022-03-23 10:14:00-04:00,447.28,445.685,450.4699999999999,2022-03-23 13:23:00-04:00,445.685,stop,62,-98.88999999999817,3.7199999999999998,-102.60999999999817,-1.0260999999999816,100.12999999999704,73.16000000000042,1.0012999999999703,0.7316000000000042
2022-03-24,long,2022-03-24 10:01:00-04:00,446.31,444.79,449.34999999999997,2022-03-24 15:21:00-04:00,449.34999999999997,target,65,197.59999999999764,3.9,193.69999999999763,1.9369999999999763,70.19999999999897,197.60000000000133,0.7019999999999896,1.9760000000000133
2022-03-25,long,2022-03-25 10:19:00-04:00,451.615,450.41,454.025,2022-03-25 11:10:00-04:00,450.41,stop,82,-98.8099999999987,4.92,-103.7299999999987,-1.037299999999987,121.77000000000112,110.28999999999758,1.217700000000011,1.1028999999999758
2022-03-28,long,2022-03-28 10:00:00-04:00,453.58,451.67,457.3999999999999,2022-03-28 11:33:00-04:00,451.67,stop,52,-99.31999999999834,3.12,-102.43999999999835,-1.0243999999999835,104.0,0.5199999999995271,1.04,0.005199999999995271
2022-03-29,short,2022-03-29 10:04:00-04:00,458.74,461.195,453.83000000000004,2022-03-29 15:08:00-04:00,461.195,stop,40,-98.19999999999936,2.4,-100.59999999999937,-1.0059999999999938,98.39999999999918,61.60000000000082,0.9839999999999918,0.6160000000000082
2022-03-30,long,2022-03-30 10:00:00-04:00,461.0,459.855,463.28999999999996,2022-03-30 10:33:00-04:00,459.855,stop,87,-99.61499999999842,5.22,-104.83499999999842,-1.0483499999999841,101.79000000000138,16.095000000000198,1.0179000000000138,0.16095000000000198
2022-03-30,short,2022-03-30 10:59:00-04:00,459.855,461.0,457.56500000000005,2022-03-30 15:09:00-04:00,457.56500000000005,target,87,199.22999999999683,5.22,194.00999999999684,1.9400999999999684,22.184999999999604,200.5350000000006,0.22184999999999605,2.0053500000000057
2022-03-31,short,2022-03-31 10:00:00-04:00,457.19,458.07,455.43,2022-03-31 10:46:00-04:00,458.07,stop,113,-99.43999999999949,6.779999999999999,-106.21999999999949,-1.062199999999995,106.21999999999974,67.80000000000257,1.0621999999999974,0.6780000000000257
2022-03-31,long,2022-03-31 10:47:00-04:00,458.07,457.19,459.83,2022-03-31 12:15:00-04:00,457.19,stop,113,-99.43999999999949,6.779999999999999,-106.21999999999949,-1.062199999999995,100.56999999999846,74.58000000000283,1.0056999999999845,0.7458000000000282
2022-04-01,short,2022-04-01 10:03:00-04:00,451.665,453.43,448.13500000000005,2022-04-01 16:00:00-04:00,452.64,eod,56,-54.59999999999809,3.36,-57.95999999999809,-0.5795999999999809,83.43999999999733,138.60000000000127,0.8343999999999733,1.3860000000000128
2022-04-04,long,2022-04-04 10:25:00-04:00,454.69,452.29,459.48999999999995,2022-04-04 16:00:00-04:00,456.75,eod,41,84.4600000000001,2.46,82.0000000000001,0.820000000000001,25.01000000000056,87.73999999999944,0.2501000000000056,0.8773999999999944
2022-04-05,long,2022-04-05 10:01:00-04:00,457.16,455.08,461.3200000000001,2022-04-05 10:08:00-04:00,455.08,stop,48,-99.84000000000196,2.88,-102.72000000000196,-1.0272000000000197,104.64000000000033,31.19999999999891,1.0464000000000033,0.31199999999998906
2022-04-05,short,2022-04-05 10:09:00-04:00,455.08,457.16,450.9199999999999,2022-04-05 15:31:00-04:00,450.9199999999999,target,48,199.68000000000393,2.88,196.80000000000393,1.9680000000000393,20.160000000000764,205.4399999999987,0.20160000000000763,2.054399999999987
2022-04-06,short,2022-04-06 10:01:00-04:00,445.455,447.58,441.205,2022-04-06 14:02:00-04:00,447.58,stop,47,-99.875,2.82,-102.695,-1.02695,143.58500000000032,43.00499999999829,1.4358500000000032,0.4300499999999829
2022-04-07,long,2022-04-07 10:01:00-04:00,447.61,445.35,452.13,2022-04-07 10:40:00-04:00,445.35,stop,44,-99.4399999999996,2.6399999999999997,-102.0799999999996,-1.020799999999996,124.0799999999997,5.2800000000002,1.240799999999997,0.052800000000002
2022-04-07,short,2022-04-07 10:41:00-04:00,445.35,447.61,440.83000000000004,2022-04-07 13:59:00-04:00,447.61,stop,44,-99.4399999999996,2.6399999999999997,-102.0799999999996,-1.020799999999996,101.199999999998,78.3200000000013,1.01199999999998,0.783200000000013
2022-04-08,long,2022-04-08 10:51:00-04:00,448.2,445.98,452.63999999999993,2022-04-08 15:59:00-04:00,447.63,eod,45,-25.649999999999693,2.6999999999999997,-28.349999999999692,-0.2834999999999969,67.05000000000041,106.6500000000002,0.6705000000000041,1.066500000000002
2022-04-11,short,2022-04-11 10:26:00-04:00,442.94,445.0,438.82,2022-04-11 16:00:00-04:00,440.05,eod,48,138.71999999999935,2.88,135.83999999999935,1.3583999999999934,11.040000000000873,169.4399999999987,0.11040000000000873,1.6943999999999868
2022-04-12,short,2022-04-12 10:50:00-04:00,442.37,445.67,435.77,2022-04-12 16:00:00-04:00,437.95,eod,30,132.60000000000048,1.7999999999999998,130.80000000000047,1.3080000000000047,63.00000000000068,171.45000000000095,0.6300000000000068,1.7145000000000095
2022-04-14,short,2022-04-14 10:06:00-04:00,441.74,444.695,435.83000000000004,2022-04-14 15:59:00-04:00,437.95,eod,33,125.07000000000068,1.98,123.09000000000067,1.2309000000000068,16.5,133.81500000000023,0.165,1.3381500000000022
2022-04-18,long,2022-04-18 10:40:00-04:00,439.43,436.89,444.51000000000005,2022-04-18 11:38:00-04:00,436.89,stop,39,-99.0600000000008,2.34,-101.4000000000008,-1.014000000000008,99.84000000000009,2.729999999999734,0.9984000000000008,0.02729999999999734
2022-04-19,long,2022-04-19 10:00:00-04:00,441.42,437.72,448.82,2022-04-19 16:00:00-04:00,444.32,eod,27,78.29999999999939,1.6199999999999999,76.67999999999938,0.7667999999999938,6.480000000000246,117.99000000000012,0.06480000000000245,1.1799000000000013
2022-04-20,short,2022-04-20 10:08:00-04:00,444.495,447.56,438.365,2022-04-20 16:00:00-04:00,444.88,eod,32,-12.319999999999709,1.92,-14.239999999999709,-0.14239999999999708,85.28000000000065,31.68000000000029,0.8528000000000066,0.3168000000000029
2022-04-21,short,2022-04-21 10:07:00-04:00,448.59,449.99,445.7899999999999,2022-04-21 11:40:00-04:00,445.7899999999999,target,71,198.80000000000484,4.26,194.54000000000485,1.9454000000000484,26.270000000000323,200.21999999999952,0.2627000000000032,2.0021999999999953
2022-04-22,short,2022-04-22 10:16:00-04:00,433.89,437.17,427.3299999999999,2022-04-22 14:54:00-04:00,427.3299999999999,target,30,196.80000000000177,1.7999999999999998,195.00000000000176,1.9500000000000177,5.849999999999795,199.1999999999996,0.058499999999997956,1.991999999999996
2022-04-25,short,2022-04-25 10:02:00-04:00,420.32,423.86,413.23999999999995,2022-04-25 10:32:00-04:00,423.86,stop,28,-99.12000000000057,1.68,-100.80000000000058,-1.0080000000000058,99.95999999999981,8.959999999999809,0.999599999999998,0.08959999999999808
2022-04-25,long,2022-04-25 10:34:00-04:00,423.86,420.32,430.94000000000005,2022-04-25 11:10:00-04:00,420.32,stop,28,-99.12000000000057,1.68,-100.80000000000058,-1.0080000000000058,101.63999999999987,14.279999999999745,1.0163999999999986,0.14279999999999746
2022-04-26,short,2022-04-26 10:01:00-04:00,423.455,425.99,418.38499999999993,2022-04-26 15:15:00-04:00,418.38499999999993,target,39,197.73000000000195,2.34,195.39000000000195,1.9539000000000195,45.4350000000008,205.33499999999947,0.45435000000000797,2.0533499999999947
2022-04-27,short,2022-04-27 10:14:00-04:00,417.23,422.0,407.69000000000005,2022-04-27 12:27:00-04:00,422.0,stop,20,-95.39999999999964,1.2,-96.59999999999964,-0.9659999999999964,97.99999999999955,44.20000000000073,0.9799999999999954,0.4420000000000073
2022-04-28,short,2022-04-28 10:00:00-04:00,419.6,423.04,412.72,2022-04-28 12:28:00-04:00,423.04,stop,29,-99.75999999999993,1.74,-101.49999999999993,-1.0149999999999992,103.5299999999998,58.0,1.035299999999998,0.58
2022-04-29,long,2022-04-29 10:00:00-04:00,425.84,422.6,432.3199999999999,2022-04-29 10:19:00-04:00,422.6,stop,30,-97.19999999999857,1.7999999999999998,-98.99999999999856,-0.9899999999999857,108.59999999999843,0.0,1.0859999999999843,0.0
2022-04-29,short,2022-04-29 10:20:00-04:00,422.6,425.84,416.1200000000001,2022-04-29 14:38:00-04:00,416.1200000000001,target,30,194.39999999999714,1.7999999999999998,192.59999999999712,1.9259999999999713,0.0,197.40000000000123,0.0,1.9740000000000122
2022-05-02,long,2022-05-02 10:24:00-04:00,413.32,409.34,421.28000000000003,2022-05-02 12:55:00-04:00,409.34,stop,25,-99.50000000000045,1.5,-101.00000000000045,-1.0100000000000044,101.00000000000051,63.750000000000284,1.0100000000000051,0.6375000000000028
2022-05-03,long,2022-05-03 10:00:00-04:00,415.68,413.39,420.26000000000005,2022-05-03 16:00:00-04:00,416.42,eod,43,31.82000000000039,2.58,29.240000000000393,0.29240000000000393,80.4100000000002,139.3200000000004,0.8041000000000019,1.393200000000004
2022-05-04,short,2022-05-04 10:00:00-04:00,416.06,417.38,413.42,2022-05-04 12:39:00-04:00,417.38,stop,75,-98.99999999999949,4.5,-103.49999999999949,-1.0349999999999948,117.74999999999949,175.49999999999812,1.1774999999999949,1.7549999999999812
2022-05-05,short,2022-05-05 10:00:00-04:00,421.13,424.61,414.16999999999996,2022-05-05 11:08:00-04:00,414.16999999999996,target,28,194.88000000000102,1.68,193.200000000001,1.9320000000000102,13.720000000000255,197.9599999999998,0.13720000000000254,1.979599999999998
2022-05-06,long,2022-05-06 10:46:00-04:00,411.71,405.73,423.6699999999999,2022-05-06 15:59:00-04:00,411.55,eod,16,-2.5599999999994907,0.96,-3.5199999999994906,-0.03519999999999491,69.27999999999975,48.720000000000255,0.6927999999999974,0.4872000000000025
2022-05-09,short,2022-05-09 10:09:00-04:00,403.32,406.35,397.25999999999993,2022-05-09 15:50:00-04:00,397.25999999999993,target,33,199.98000000000195,1.98,198.00000000000196,1.9800000000000195,52.47000000000105,205.25999999999902,0.5247000000000105,2.05259999999999
2022-05-10,short,2022-05-10 10:33:00-04:00,401.875,406.075,393.475,2022-05-10 16:00:00-04:00,399.03,eod,23,65.43500000000063,1.38,64.05500000000063,0.6405500000000063,31.39500000000021,162.26500000000016,0.3139500000000021,1.6226500000000015
2022-05-11,long,2022-05-11 10:22:00-04:00,403.16,396.22,417.04,2022-05-11 13:05:00-04:00,396.22,stop,14,-97.15999999999997,0.84,-97.99999999999997,-0.9799999999999998,98.42000000000041,11.340000000000032,0.9842000000000042,0.11340000000000032
2022-05-12,long,2022-05-12 10:09:00-04:00,391.28,386.97,399.89999999999986,2022-05-12 13:48:00-04:00,386.97,stop,23,-99.12999999999874,1.38,-100.50999999999874,-1.0050999999999874,103.95999999999958,102.35000000000105,1.0395999999999959,1.0235000000000105
2022-05-13,long,2022-05-13 10:00:00-04:00,399.03,395.625,405.8399999999999,2022-05-13 16:00:00-04:00,401.27,eod,29,64.96000000000026,1.74,63.22000000000026,0.6322000000000026,52.92499999999967,120.06000000000125,0.5292499999999967,1.2006000000000125
2022-05-16,long,2022-05-16 10:25:00-04:00,401.27,397.62,408.56999999999994,2022-05-16 16:00:00-04:00,400.26,eod,27,-27.269999999999754,1.6199999999999999,-28.889999999999755,-0.28889999999999755,88.01999999999975,72.09000000000043,0.8801999999999975,0.7209000000000043
2022-05-17,short,2022-05-17 10:29:00-04:00,404.44,406.6,400.11999999999995,2022-05-17 12:46:00-04:00,406.6,stop,46,-99.36000000000115,2.76,-102.12000000000116,-1.0212000000000117,113.15999999999906,83.71999999999969,1.1315999999999906,0.8371999999999968
2022-05-18,short,2022-05-18 10:29:00-04:00,400.89,403.78,395.11,2022-05-18 13:09:00-04:00,395.11,target,34,196.51999999999907,2.04,194.47999999999908,1.9447999999999908,8.83999999999969,206.20999999999992,0.08839999999999691,2.062099999999999
2022-05-19,long,2022-05-19 10:21:00-04:00,391.76,387.205,400.87,2022-05-19 15:59:00-04:00,389.41,eod,21,-49.349999999999284,1.26,-50.60999999999928,-0.5060999999999928,80.63999999999947,49.14000000000067,0.8063999999999948,0.49140000000000666
2022-05-20,short,2022-05-20 10:07:00-04:00,391.77,393.76,387.78999999999996,2022-05-20 10:59:00-04:00,387.78999999999996,target,50,199.0000000000009,3.0,196.0000000000009,1.960000000000009,4.000000000002046,213.4999999999991,0.040000000000020464,2.134999999999991
2022-05-23,short,2022-05-23 10:01:00-04:00,391.115,394.4,384.5450000000001,2022-05-23 10:33:00-04:00,394.4,stop,30,-98.54999999999905,1.7999999999999998,-100.34999999999904,-1.0034999999999905,101.54999999999973,21.450000000000955,1.0154999999999972,0.21450000000000954
2022-05-23,long,2022-05-23 10:35:00-04:00,394.4,391.115,400.9699999999999,2022-05-23 15:59:00-04:00,396.96,eod,30,76.80000000000007,1.7999999999999998,75.00000000000007,0.7500000000000007,44.69999999999857,99.00000000000034,0.4469999999999857,0.9900000000000034
2022-05-24,short,2022-05-24 10:00:00-04:00,390.69,393.49,385.09,2022-05-24 15:35:00-04:00,393.49,stop,35,-98.0000000000004,2.1,-100.10000000000039,-1.0010000000000039,106.05000000000103,127.04999999999984,1.0605000000000104,1.2704999999999984
2022-05-25,long,2022-05-25 10:18:00-04:00,395.23,391.97,401.75,2022-05-25 16:00:00-04:00,397.49,eod,30,67.79999999999973,1.7999999999999998,65.99999999999973,0.6599999999999973,78.30000000000041,125.99999999999966,0.7830000000000041,1.2599999999999967
2022-05-26,long,2022-05-26 10:00:00-04:00,402.75,398.53,411.19000000000005,2022-05-26 16:00:00-04:00,405.11,eod,23,54.280000000000314,1.38,52.90000000000031,0.5290000000000031,8.969999999999686,98.43999999999937,0.08969999999999687,0.9843999999999937
2022-05-27,long,2022-05-27 10:04:00-04:00,411.54,407.77,419.0800000000001,2022-05-27 16:00:00-04:00,415.22,eod,26,95.68000000000018,1.56,94.12000000000018,0.9412000000000017,26.26000000000124,100.62000000000012,0.26260000000001243,1.006200000000001
2022-05-31,short,2022-05-31 10:09:00-04:00,410.25,413.85,403.04999999999995,2022-05-31 11:51:00-04:00,413.85,stop,27,-97.20000000000061,1.6199999999999999,-98.82000000000062,-0.9882000000000062,105.43499999999926,5.940000000000737,1.0543499999999926,0.059400000000007364
2022-06-01,short,2022-06-01 10:00:00-04:00,414.04,416.24,409.64000000000004,2022-06-01 10:35:00-04:00,409.64000000000004,target,45,197.99999999999898,2.6999999999999997,195.299999999999,1.9529999999999899,49.049999999998875,207.9000000000002,0.4904999999999887,2.079000000000002
2022-06-02,long,2022-06-02 10:13:00-04:00,409.61,407.32,414.19000000000005,2022-06-02 10:25:00-04:00,407.32,stop,43,-98.47000000000088,2.58,-101.05000000000088,-1.0105000000000088,98.47000000000088,40.4199999999999,0.9847000000000088,0.404199999999999
2022-06-02,short,2022-06-02 10:27:00-04:00,407.32,409.61,402.73999999999995,2022-06-02 10:56:00-04:00,409.61,stop,43,-98.47000000000088,2.58,-101.05000000000088,-1.0105000000000088,101.05000000000098,10.75,1.0105000000000097,0.1075
2022-06-02,long,2022-06-02 10:58:00-04:00,409.61,407.32,414.19000000000005,2022-06-02 12:33:00-04:00,414.19000000000005,target,43,196.94000000000176,2.58,194.36000000000175,1.9436000000000175,13.974999999999511,197.36999999999892,0.1397499999999951,1.9736999999999894
2022-06-03,long,2022-06-03 10:01:00-04:00,413.955,411.4,419.065,2022-06-03 10:38:00-04:00,411.4,stop,39,-99.64500000000027,2.34,-101.98500000000027,-1.0198500000000026,113.09999999999911,2.5349999999999113,1.1309999999999911,0.025349999999999113
2022-06-03,short,2022-06-03 10:39:00-04:00,411.4,413.955,406.28999999999996,2022-06-03 16:00:00-04:00,410.5,eod,39,35.09999999999911,2.34,32.75999999999911,0.3275999999999911,71.3700000000016,72.93000000000018,0.713700000000016,0.7293000000000017
2022-06-06,long,2022-06-06 10:00:00-04:00,415.465,413.705,418.98499999999996,2022-06-06 11:17:00-04:00,413.705,stop,56,-98.55999999999949,3.36,-101.91999999999949,-1.019199999999995,135.23999999999796,62.44000000000051,1.3523999999999796,0.6244000000000051
2022-06-07,long,2022-06-07 10:05:00-04:00,410.53,407.64,416.30999999999995,2022-06-07 16:00:00-04:00,415.32,eod,34,162.8600000000007,2.04,160.8200000000007,1.608200000000007,52.699999999998454,193.46000000000186,0.5269999999999846,1.9346000000000185
2022-06-09,long,2022-06-09 10:00:00-04:00,411.67,408.43,418.15000000000003,2022-06-09 11:05:00-04:00,408.43,stop,30,-97.20000000000027,1.7999999999999998,-99.00000000000027,-0.9900000000000027,97.35000000000014,1.1999999999989086,0.9735000000000014,0.011999999999989085
2022-06-10,short,2022-06-10 10:00:00-04:00,392.98,395.75,387.44000000000005,2022-06-10 15:59:00-04:00,389.76,eod,36,115.92000000000098,2.16,113.76000000000099,1.13760000000001,43.19999999999959,115.92000000000098,0.4319999999999959,1.1592000000000098
2022-06-13,short,2022-06-13 10:10:00-04:00,379.22,381.77,374.1200000000001,2022-06-13 15:42:00-04:00,374.1200000000001,target,39,198.89999999999645,2.34,196.55999999999645,1.9655999999999645,81.89999999999867,205.14000000000186,0.8189999999999867,2.0514000000000188
2022-06-14,long,2022-06-14 10:00:00-04:00,377.59,374.52,383.72999999999996,2022-06-14 10:20:00-04:00,374.52,stop,32,-98.23999999999978,1.92,-100.15999999999978,-1.0015999999999978,107.83999999999833,10.2400000000016,1.0783999999999834,0.102400000000016
2022-06-14,short,2022-06-14 10:21:00-04:00,374.52,377.59,368.38,2022-06-14 16:00:00-04:00,373.65,eod,32,27.840000000000146,1.92,25.920000000000144,0.25920000000000143,60.80000000000109,125.76000000000022,0.6080000000000109,1.2576000000000023
2022-06-15,long,2022-06-15 10:04:00-04:00,379.12,376.72,383.91999999999996,2022-06-15 10:53:00-04:00,376.72,stop,41,-98.39999999999907,2.46,-100.85999999999906,-1.0085999999999906,108.64999999999907,15.170000000000186,1.0864999999999907,0.15170000000000186
2022-06-15,short,2022-06-15 10:54:00-04:00,376.72,379.12,371.9200000000001,2022-06-15 14:00:00-04:00,379.12,stop,41,-98.39999999999907,2.46,-100.85999999999906,-1.0085999999999906,130.99499999999972,28.700000000001864,1.3099499999999973,0.28700000000001863
2022-06-16,short,2022-06-16 10:04:00-04:00,368.02,370.925,362.2099999999999,2022-06-16 16:00:00-04:00,366.92,eod,34,37.39999999999884,2.04,35.35999999999884,0.3535999999999884,37.740000000000464,132.59999999999923,0.3774000000000046,1.3259999999999923
2022-06-17,short,2022-06-17 10:20:00-04:00,365.44,369.38,357.56,2022-06-17 16:00:00-04:00,366.22,eod,25,-19.50000000000074,1.5,-21.00000000000074,-0.2100000000000074,88.75000000000028,81.49999999999977,0.8875000000000028,0.8149999999999977
2022-06-21,long,2022-06-21 10:00:00-04:00,374.85,371.83,380.8900000000001,2022-06-21 16:00:00-04:00,374.88,eod,33,0.9899999999990996,1.98,-0.9900000000009004,-0.009900000000009004,31.019999999999925,54.77999999999895,0.31019999999999925,0.5477999999999895
2022-06-22,long,2022-06-22 10:13:00-04:00,374.48,370.18,383.08000000000004,2022-06-22 16:00:00-04:00,374.46,eod,23,-0.46000000000088903,1.38,-1.840000000000889,-0.01840000000000889,9.430000000000575,97.28999999999911,0.09430000000000575,0.9728999999999911
2022-06-23,long,2022-06-23 10:00:00-04:00,377.35,374.86,382.33000000000004,2022-06-23 12:01:00-04:00,374.86,stop,40,-99.60000000000036,2.4,-102.00000000000037,-1.0200000000000038,108.00000000000182,32.79999999999973,1.0800000000000183,0.3279999999999973
2022-06-24,long,2022-06-24 10:00:00-04:00,384.12,381.37,389.62,2022-06-24 15:59:00-04:00,389.62,target,36,198.0,2.16,195.84,1.9584000000000001,11.519999999999754,214.1999999999996,0.11519999999999754,2.141999999999996
2022-06-28,short,2022-06-28 10:07:00-04:00,390.16,392.995,384.49000000000007,2022-06-28 11:43:00-04:00,384.49000000000007,target,35,198.44999999999857,2.1,196.34999999999857,1.9634999999999858,20.124999999999602,198.45000000000056,0.20124999999999602,1.9845000000000055
2022-06-29,long,2022-06-29 10:02:00-04:00,381.89,378.45,388.77,2022-06-29 16:00:00-04:00,380.43,eod,29,-42.33999999999941,1.74,-44.07999999999941,-0.4407999999999941,97.73000000000013,10.440000000000396,0.9773000000000013,0.10440000000000396
2022-06-30,short,2022-06-30 10:00:00-04:00,373.06,376.98,365.21999999999997,2022-06-30 11:26:00-04:00,376.98,stop,25,-98.0000000000004,1.5,-99.5000000000004,-0.995000000000004,108.75000000000057,11.499999999999488,1.0875000000000057,0.11499999999999488
2022-07-01,long,2022-07-01 10:00:00-04:00,379.68,375.765,387.51000000000005,2022-07-01 10:14:00-04:00,375.765,stop,25,-97.87500000000051,1.5,-99.37500000000051,-0.9937500000000051,102.2500000000008,6.999999999999318,1.022500000000008,0.06999999999999318
2022-07-01,short,2022-07-01 10:15:00-04:00,375.765,379.68,367.93499999999995,2022-07-01 14:39:00-04:00,379.68,stop,25,-97.87500000000051,1.5,-99.37500000000051,-0.9937500000000051,99.1250000000008,47.374999999999545,0.991250000000008,0.47374999999999545
2022-07-05,short,2022-07-05 10:00:00-04:00,373.35,376.32,367.4100000000001,2022-07-05 12:23:00-04:00,376.32,stop,33,-98.00999999999902,1.98,-99.98999999999903,-0.9998999999999902,112.85999999999865,14.519999999999925,1.1285999999999865,0.14519999999999925
2022-07-06,short,2022-07-06 10:01:00-04:00,380.91,383.66,375.41,2022-07-06 14:33:00-04:00,383.66,stop,36,-99.0,2.16,-101.16,-1.0116,121.31999999999812,46.80000000000041,1.2131999999999812,0.4680000000000041
2022-07-07,long,2022-07-07 10:52:00-04:00,387.53,385.15,392.28999999999996,2022-07-07 16:00:00-04:00,388.78,eod,42,52.5,2.52,49.98,0.49979999999999997,22.469999999998663,96.18000000000086,0.22469999999998663,0.9618000000000086
2022-07-08,short,2022-07-08 10:00:00-04:00,385.88,388.49,380.65999999999997,2022-07-08 10:26:00-04:00,388.49,stop,38,-99.18000000000052,2.28,-101.46000000000052,-1.0146000000000053,107.92000000000121,6.07999999999879,1.0792000000000121,0.060799999999987905
2022-07-08,long,2022-07-08 10:27:00-04:00,388.49,385.88,393.71000000000004,2022-07-08 16:00:00-04:00,388.76,eod,38,10.259999999999309,2.28,7.979999999999309,0.0797999999999931,68.40000000000043,81.50999999999931,0.6840000000000043,0.815099999999993
2022-07-11,short,2022-07-11 10:21:00-04:00,383.69,386.825,377.42,2022-07-11 16:00:00-04:00,384.3,eod,31,-18.910000000000423,1.8599999999999999,-20.770000000000422,-0.20770000000000421,96.72000000000014,5.425000000000352,0.9672000000000014,0.054250000000003525
2022-07-12,short,2022-07-12 10:00:00-04:00,383.63,386.11,378.66999999999996,2022-07-12 16:00:00-04:00,380.72,eod,40,116.39999999999873,2.4,113.99999999999872,1.1399999999999872,69.20000000000073,185.39999999999964,0.6920000000000073,1.8539999999999963
2022-07-13,long,2022-07-13 10:35:00-04:00,378.05,374.66,384.83,2022-07-13 16:00:00-04:00,378.93,eod,29,25.519999999999868,1.74,23.77999999999987,0.2377999999999987,20.88000000000079,111.64999999999901,0.20880000000000792,1.11649999999999
2022-07-14,short,2022-07-14 10:01:00-04:00,371.77,374.375,366.55999999999995,2022-07-14 11:22:00-04:00,374.375,stop,38,-98.99000000000069,2.28,-101.27000000000069,-1.0127000000000068,98.99000000000069,26.599999999999568,0.9899000000000069,0.2659999999999957
2022-07-15,long,2022-07-15 10:00:00-04:00,383.29,380.59,388.6900000000001,2022-07-15 16:00:00-04:00,384.95,eod,37,61.41999999999882,2.2199999999999998,59.19999999999882,0.5919999999999882,66.60000000000042,72.33499999999941,0.6660000000000043,0.7233499999999942
2022-07-18,short,2022-07-18 10:11:00-04:00,387.685,389.08,384.89500000000004,2022-07-18 13:56:00-04:00,384.89500000000004,target,71,198.08999999999742,4.26,193.82999999999743,1.9382999999999742,53.959999999999354,215.84000000000145,0.5395999999999935,2.1584000000000145
2022-07-19,long,2022-07-19 10:00:00-04:00,386.87,385.44,389.73,2022-07-19 11:32:00-04:00,389.73,target,69,197.34000000000094,4.14,193.20000000000095,1.9320000000000095,42.780000000000314,199.06499999999937,0.4278000000000031,1.9906499999999938
2022-07-20,short,2022-07-20 10:02:00-04:00,391.39,392.88,388.40999999999997,2022-07-20 10:25:00-04:00,392.88,stop,67,-99.83000000000061,4.02,-103.8500000000006,-1.038500000000006,127.97000000000168,22.779999999998324,1.2797000000000167,0.22779999999998324
2022-07-20,long,2022-07-20 10:26:00-04:00,392.88,391.39,395.86,2022-07-20 10:59:00-04:00,395.86,target,67,199.66000000000122,4.02,195.6400000000012,1.9564000000000121,0.0,204.35000000000076,0.0,2.0435000000000074
2022-07-21,long,2022-07-21 10:00:00-04:00,395.49,392.84,400.7900000000001,2022-07-21 10:13:00-04:00,392.84,stop,37,-98.05000000000126,2.2199999999999998,-100.27000000000126,-1.0027000000000126,103.97000000000008,9.989999999999327,1.0397000000000007,0.09989999999999327
2022-07-21,short,2022-07-21 10:14:00-04:00,392.84,395.49,387.5399999999999,2022-07-21 11:34:00-04:00,395.49,stop,37,-98.05000000000126,2.2199999999999998,-100.27000000000126,-1.0027000000000126,109.89000000000101,43.289999999998486,1.0989000000000102,0.43289999999998485
2022-07-22,short,2022-07-22 10:00:00-04:00,397.935,400.17,393.465,2022-07-22 13:35:00-04:00,393.465,target,44,196.6800000000012,2.6399999999999997,194.0400000000012,1.9404000000000121,58.2999999999995,203.5,0.582999999999995,2.035
2022-07-25,short,2022-07-25 10:26:00-04:00,394.055,395.99,390.185,2022-07-25 11:33:00-04:00,395.99,stop,51,-98.68500000000012,3.06,-101.74500000000012,-1.017450000000001,100.21499999999872,8.415000000001044,1.0021499999999872,0.08415000000001044
2022-07-26,short,2022-07-26 10:01:00-04:00,392.42,394.04,389.18,2022-07-26 16:00:00-04:00,391.1,eod,61,80.51999999999958,3.6599999999999997,76.85999999999959,0.7685999999999958,74.72499999999792,150.06000000000222,0.7472499999999792,1.5006000000000221
2022-07-27,long,2022-07-27 10:05:00-04:00,395.68,394.09,398.86000000000007,2022-07-27 14:40:00-04:00,398.86000000000007,target,62,197.16000000000395,3.7199999999999998,193.44000000000395,1.9344000000000394,42.77999999999986,225.05999999999972,0.42779999999999857,2.2505999999999973
2022-07-28,short,2022-07-28 10:22:00-04:00,398.35,402.71,389.6300000000001,2022-07-28 11:17:00-04:00,402.71,stop,22,-95.91999999999905,1.3199999999999998,-97.23999999999904,-0.9723999999999904,95.91999999999905,3.5200000000005502,0.9591999999999905,0.035200000000005505
2022-07-29,long,2022-07-29 10:00:00-04:00,409.43,406.8,414.69,2022-07-29 15:59:00-04:00,412.13,eod,38,102.59999999999957,2.28,100.31999999999957,1.0031999999999957,53.200000000001296,135.65999999999974,0.5320000000000129,1.3565999999999974
2022-08-01,long,2022-08-01 10:00:00-04:00,411.705,408.4,418.315,2022-08-01 15:59:00-04:00,410.77,eod,30,-28.050000000000068,1.7999999999999998,-29.85000000000007,-0.2985000000000007,78.75,50.55000000000007,0.7875,0.5055000000000007
2022-08-02,short,2022-08-02 10:09:00-04:00,407.68,409.66,403.71999999999997,2022-08-02 10:42:00-04:00,409.66,stop,50,-99.00000000000091,3.0,-102.00000000000091,-1.0200000000000091,99.50000000000045,39.00000000000148,0.9950000000000045,0.3900000000000148
2022-08-02,long,2022-08-02 10:43:00-04:00,409.66,407.68,413.62000000000006,2022-08-02 16:00:00-04:00,408.11,eod,50,-77.50000000000057,3.0,-80.50000000000057,-0.8050000000000057,86.25000000000114,164.99999999999773,0.8625000000000114,1.6499999999999773
2022-08-03,long,2022-08-03 10:04:00-04:00,411.71,410.03,415.07,2022-08-03 14:20:00-04:00,415.07,target,59,198.2400000000008,3.54,194.7000000000008,1.947000000000008,87.90999999999718,203.55000000000268,0.8790999999999718,2.035500000000027
2022-08-04,long,2022-08-04 10:05:00-04:00,415.02,413.5,418.05999999999995,2022-08-04 10:17:00-04:00,413.5,stop,65,-98.79999999999882,3.9,-102.69999999999882,-1.0269999999999881,114.39999999999941,1.3000000000025125,1.1439999999999941,0.013000000000025125
2022-08-04,short,2022-08-04 10:18:00-04:00,413.5,415.02,410.46000000000004,2022-08-04 15:59:00-04:00,414.17,eod,65,-43.550000000001035,3.9,-47.45000000000103,-0.47450000000001036,94.24999999999926,64.6750000000003,0.9424999999999926,0.6467500000000029
2022-08-05,long,2022-08-05 10:00:00-04:00,412.2,409.6,417.3999999999999,2022-08-05 15:59:00-04:00,413.43,eod,38,46.74000000000069,2.28,44.46000000000069,0.4446000000000069,80.56000000000017,73.34000000000026,0.8056000000000018,0.7334000000000026
2022-08-08,long,2022-08-08 10:02:00-04:00,417.545,414.92,422.795,2022-08-08 11:39:00-04:00,414.92,stop,38,-99.75,2.28,-102.03,-1.0203,116.84999999999957,2.849999999999568,1.1684999999999957,0.02849999999999568
2022-08-09,short,2022-08-09 10:00:00-04:00,410.92,412.67,407.42,2022-08-09 16:00:00-04:00,411.7,eod,57,-44.459999999998445,3.42,-47.87999999999845,-0.47879999999998446,79.51499999999896,39.32999999999987,0.7951499999999896,0.3932999999999987
2022-08-10,short,2022-08-10 10:20:00-04:00,417.27,418.845,414.1199999999999,2022-08-10 11:00:00-04:00,418.845,stop,63,-99.22500000000286,3.78,-103.00500000000287,-1.0300500000000286,127.89000000000186,34.01999999999771,1.2789000000000186,0.3401999999999771
2022-08-11,long,2022-08-11 10:00:00-04:00,423.515,422.24,426.06499999999994,2022-08-11 11:07:00-04:00,422.24,stop,78,-99.44999999999823,4.68,-104.12999999999823,-1.0412999999999824,106.47000000000071,111.15000000000089,1.064700000000007,1.1115000000000088
2022-08-12,short,2022-08-12 10:00:00-04:00,421.5,422.78,418.94000000000005,2022-08-12 10:19:00-04:00,422.78,stop,78,-99.83999999999787,4.68,-104.51999999999788,-1.0451999999999788,103.73999999999876,32.76000000000124,1.0373999999999877,0.32760000000001244
2022-08-12,long,2022-08-12 10:20:00-04:00,422.78,421.5,425.3399999999999,2022-08-12 14:33:00-04:00,425.3399999999999,target,78,199.67999999999574,4.68,194.99999999999574,1.9499999999999573,79.55999999999858,218.01000000000124,0.7955999999999858,2.1801000000000124
2022-08-16,short,2022-08-16 10:02:00-04:00,427.66,428.73,425.52000000000004,2022-08-16 11:16:00-04:00,428.73,stop,93,-99.50999999999937,5.58,-105.08999999999936,-1.0508999999999937,99.50999999999937,71.14500000000402,0.9950999999999937,0.7114500000000402
2022-08-17,long,2022-08-17 10:06:00-04:00,427.41,425.92,430.39000000000004,2022-08-17 10:37:00-04:00,425.92,stop,67,-99.83000000000061,4.02,-103.8500000000006,-1.038500000000006,104.52000000000015,6.029999999998324,1.0452000000000015,0.06029999999998324
2022-08-17,short,2022-08-17 10:38:00-04:00,425.92,427.41,422.94,2022-08-17 14:00:00-04:00,427.41,stop,67,-99.83000000000061,4.02,-103.8500000000006,-1.038500000000006,106.19499999999863,90.78500000000122,1.0619499999999862,0.9078500000000121
2022-08-18,short,2022-08-18 10:00:00-04:00,425.825,427.01,423.455,2022-08-18 10:48:00-04:00,427.01,stop,84,-99.54000000000019,5.04,-104.5800000000002,-1.045800000000002,109.62000000000057,25.200000000000955,1.0962000000000058,0.25200000000000955
2022-08-18,long,2022-08-18 10:49:00-04:00,427.01,425.825,429.38,2022-08-18 15:59:00-04:00,427.82,eod,84,68.04000000000019,5.04,63.00000000000019,0.6300000000000019,88.20000000000095,133.56000000000267,0.8820000000000096,1.3356000000000268
2022-08-19,short,2022-08-19 10:14:00-04:00,422.84,425.24,418.0399999999999,2022-08-19 16:00:00-04:00,422.0,eod,41,34.439999999998975,2.46,31.979999999998974,0.31979999999998976,34.85000000000093,65.39499999999879,0.3485000000000093,0.6539499999999879
2022-08-22,short,2022-08-22 10:09:00-04:00,415.635,417.225,412.4549999999999,2022-08-22 15:44:00-04:00,412.4549999999999,target,62,197.16000000000395,3.7199999999999998,193.44000000000395,1.9344000000000394,22.010000000001128,200.26000000000113,0.2201000000000113,2.0026000000000113
2022-08-23,long,2022-08-23 10:08:00-04:00,414.49,412.36,418.75,2022-08-23 11:02:00-04:00,412.36,stop,46,-97.97999999999979,2.76,-100.7399999999998,-1.0073999999999979,109.25,42.08999999999833,1.0925,0.4208999999999833
2022-08-24,long,2022-08-24 10:00:00-04:00,412.64,411.47,414.9799999999999,2022-08-24 11:53:00-04:00,414.9799999999999,target,85,198.89999999999304,5.1,193.79999999999305,1.9379999999999304,58.64999999999981,199.75000000000193,0.586499999999998,1.9975000000000194
2022-08-25,long,2022-08-25 10:00:00-04:00,416.48,414.15,421.1400000000001,2022-08-25 16:00:00-04:00,419.34,eod,42,120.11999999999819,2.52,117.59999999999819,1.175999999999982,74.76000000000124,129.35999999999933,0.7476000000000124,1.2935999999999934
2022-08-26,short,2022-08-26 10:01:00-04:00,418.1,419.57,415.1600000000001,2022-08-26 10:05:00-04:00,415.1600000000001,target,68,199.91999999999598,4.08,195.83999999999597,1.9583999999999597,24.479999999997062,201.28000000000247,0.24479999999997062,2.012800000000025
2022-08-26,long,2022-08-26 10:10:00-04:00,419.57,418.1,422.50999999999993,2022-08-26 10:12:00-04:00,418.1,stop,68,-99.95999999999799,4.08,-104.03999999999799,-1.0403999999999798,114.24000000000046,21.759999999999536,1.1424000000000047,0.21759999999999535
2022-08-29,long,2022-08-29 10:16:00-04:00,404.14,401.53,409.36,2022-08-29 10:53:00-04:00,401.53,stop,38,-99.18000000000052,2.28,-101.46000000000052,-1.0146000000000053,109.06000000000017,12.15999999999974,1.0906000000000018,0.1215999999999974
2022-08-29,short,2022-08-29 10:54:00-04:00,401.53,404.14,396.30999999999995,2022-08-29 12:03:00-04:00,404.14,stop,38,-99.18000000000052,2.28,-101.46000000000052,-1.0146000000000053,100.32000000000164,12.539999999999395,1.0032000000000165,0.12539999999999396
2022-08-30,short,2022-08-30 10:05:00-04:00,401.57,404.03,396.65000000000003,2022-08-30 10:48:00-04:00,396.65000000000003,target,40,196.79999999999836,2.4,194.39999999999836,1.9439999999999835,3.6000000000012733,203.19999999999936,0.03600000000001273,2.031999999999994
2022-08-31,short,2022-08-31 10:16:00-04:00,398.215,401.21,392.22499999999997,2022-08-31 16:00:00-04:00,395.29,eod,33,96.5249999999985,1.98,94.5449999999985,0.9454499999999849,45.375,104.4449999999988,0.45375,1.0444499999999879
2022-09-01,short,2022-09-01 10:02:00-04:00,391.96,393.43,389.0199999999999,2022-09-01 14:22:00-04:00,393.43,stop,68,-99.96000000000186,4.08,-104.04000000000185,-1.0404000000000186,121.04000000000201,129.19999999999845,1.2104000000000201,1.2919999999999845
2022-09-02,short,2022-09-02 10:00:00-04:00,397.7,400.42,392.25999999999993,2022-09-02 10:30:00-04:00,400.42,stop,36,-97.92000000000098,2.16,-100.08000000000098,-1.0008000000000097,105.12000000000057,24.120000000000573,1.0512000000000057,0.24120000000000574
2022-09-02,long,2022-09-02 10:31:00-04:00,400.42,397.7,405.86000000000007,2022-09-02 12:37:00-04:00,397.7,stop,36,-97.92000000000098,2.16,-100.08000000000098,-1.0008000000000097,117.72000000000139,40.679999999999836,1.177200000000014,0.4067999999999984
2022-09-06,short,2022-09-06 10:01:00-04:00,390.53,394.12,383.3499999999999,2022-09-06 15:59:00-04:00,390.83,eod,27,-8.100000000000307,1.6199999999999999,-9.720000000000306,-0.09720000000000306,93.69000000000074,55.48499999999865,0.9369000000000074,0.5548499999999865
2022-09-07,long,2022-09-07 10:30:00-04:00,392.72,390.3,397.56000000000006,2022-09-07 14:38:00-04:00,397.56000000000006,target,41,198.4400000000013,2.46,195.9800000000013,1.9598000000000129,23.37000000000205,199.25999999999823,0.2337000000000205,1.9925999999999824
2022-09-08,long,2022-09-08 10:17:00-04:00,397.63,394.17,404.54999999999995,2022-09-08 15:59:00-04:00,400.375,eod,28,76.86000000000013,1.68,75.18000000000012,0.7518000000000012,71.95999999999981,90.16000000000076,0.7195999999999981,0.9016000000000076
2022-09-09,long,2022-09-09 10:00:00-04:00,404.275,402.5,407.82499999999993,2022-09-09 16:00:00-04:00,406.32,eod,56,114.52000000000089,3.36,111.16000000000089,1.111600000000009,4.479999999999109,181.16000000000076,0.04479999999999109,1.8116000000000076
2022-09-12,long,2022-09-12 10:00:00-04:00,411.03,408.5,416.0899999999999,2022-09-12 16:00:00-04:00,411.17,eod,39,5.460000000001685,2.34,3.120000000001685,0.03120000000001685,98.27999999999929,26.520000000000266,0.9827999999999929,0.26520000000000266
2022-09-13,short,2022-09-13 10:00:00-04:00,400.81,403.1,396.22999999999996,2022-09-13 14:51:00-04:00,396.22999999999996,target,43,196.94000000000176,2.58,194.36000000000175,1.9436000000000175,8.814999999999316,199.0899999999998,0.08814999999999315,1.9908999999999981
2022-09-14,short,2022-09-14 10:26:00-04:00,393.035,395.6,387.90500000000003,2022-09-14 10:54:00-04:00,395.6,stop,38,-97.46999999999991,2.28,-99.74999999999991,-0.9974999999999992,99.36999999999819,47.69000000000199,0.9936999999999818,0.47690000000001986
2022-09-15,long,2022-09-15 10:00:00-04:00,395.34,392.3,401.4199999999999,2022-09-15 10:50:00-04:00,392.3,stop,32,-97.27999999999884,1.92,-99.19999999999884,-0.9919999999999883,108.79999999999927,18.56000000000131,1.0879999999999928,0.1856000000000131
2022-09-15,short,2022-09-15 10:51:00-04:00,392.3,395.34,386.2200000000001,2022-09-15 16:00:00-04:00,390.56,eod,32,55.68000000000029,1.92,53.76000000000029,0.5376000000000029,71.35999999999876,111.68000000000029,0.7135999999999876,1.116800000000003
2022-09-16,long,2022-09-16 10:13:00-04:00,384.61,382.14,389.55000000000007,2022-09-16 12:27:00-04:00,382.14,stop,40,-98.80000000000109,2.4,-101.2000000000011,-1.012000000000011,100.0,50.399999999999636,1.0,0.5039999999999963
2022-09-19,long,2022-09-19 10:13:00-04:00,385.46,382.18,392.0199999999999,2022-09-19 16:00:00-04:00,388.72,eod,30,97.80000000000143,1.7999999999999998,96.00000000000144,0.9600000000000144,43.49999999999966,97.80000000000143,0.4349999999999966,0.9780000000000143
2022-09-20,short,2022-09-20 10:02:00-04:00,383.445,385.24,379.85499999999996,2022-09-20 11:52:00-04:00,385.24,stop,55,-98.72500000000088,3.3,-102.02500000000087,-1.0202500000000088,103.125,36.0249999999985,1.03125,0.36024999999998497
2022-09-21,long,2022-09-21 10:28:00-04:00,386.83,385.45,389.59,2022-09-21 11:08:00-04:00,385.45,stop,72,-99.35999999999967,4.32,-103.67999999999967,-1.0367999999999966,102.96000000000049,29.160000000002128,1.029600000000005,0.2916000000000213
2022-09-22,short,2022-09-22 10:01:00-04:00,374.465,377.66,368.0749999999999,2022-09-22 15:59:00-04:00,374.29,eod,31,5.42499999999859,1.8599999999999999,3.5649999999985904,0.0356499999999859,94.08500000000078,30.069999999999084,0.9408500000000077,0.30069999999999086
2022-09-23,short,2022-09-23 10:00:00-04:00,367.735,370.57,362.06500000000005,2022-09-23 15:59:00-04:00,368.19,eod,35,-15.924999999999443,2.1,-18.024999999999444,-0.18024999999999444,37.6249999999996,155.22500000000008,0.37624999999999603,1.5522500000000008
2022-09-26,long,2022-09-26 10:00:00-04:00,368.62,366.18,373.5,2022-09-26 11:26:00-04:00,366.18,stop,40,-97.59999999999991,2.4,-99.99999999999991,-0.9999999999999991,103.19999999999936,62.79999999999973,1.0319999999999936,0.6279999999999972
2022-09-27,short,2022-09-27 10:00:00-04:00,367.705,370.38,362.35499999999996,2022-09-27 12:13:00-04:00,362.35499999999996,target,37,197.95000000000084,2.2199999999999998,195.73000000000084,1.9573000000000085,45.14000000000101,211.45499999999907,0.45140000000001007,2.1145499999999906
2022-09-28,long,2022-09-28 10:00:00-04:00,364.935,362.63,369.545,2022-09-28 12:20:00-04:00,369.545,target,43,198.2300000000006,2.58,195.65000000000057,1.9565000000000057,75.0350000000002,198.4450000000004,0.750350000000002,1.9844500000000038
2022-09-29,short,2022-09-29 10:00:00-04:00,362.91,367.04,354.65000000000003,2022-09-29 15:59:00-04:00,362.76,eod,24,3.6000000000008185,1.44,2.1600000000008186,0.021600000000008186,40.91999999999962,76.55999999999995,0.4091999999999962,0.7655999999999995
2022-09-30,long,2022-09-30 10:32:00-04:00,363.66,360.19,370.6000000000001,2022-09-30 14:42:00-04:00,360.19,stop,28,-97.16000000000076,1.68,-98.84000000000077,-0.9884000000000077,99.40000000000032,60.47999999999911,0.9940000000000032,0.6047999999999911
2022-10-03,long,2022-10-03 10:00:00-04:00,361.52,359.335,365.89,2022-10-03 13:34:00-04:00,365.89,target,45,196.6500000000002,2.6999999999999997,193.95000000000022,1.9395000000000022,20.24999999999949,201.60000000000082,0.20249999999999488,2.016000000000008
2022-10-04,long,2022-10-04 10:00:00-04:00,376.06,372.35,383.47999999999996,2022-10-04 16:00:00-04:00,377.79,eod,26,44.98000000000047,1.56,43.42000000000047,0.4342000000000047,50.43999999999994,50.18000000000018,0.5043999999999994,0.5018000000000018
2022-10-05,short,2022-10-05 10:00:00-04:00,373.32,375.1,369.75999999999993,2022-10-05 12:17:00-04:00,375.1,stop,56,-99.68000000000166,3.36,-103.04000000000165,-1.0304000000000166,99.68000000000166,131.5999999999981,0.9968000000000166,1.315999999999981
2022-10-06,short,2022-10-06 10:01:00-04:00,375.37,378.68,368.75,2022-10-06 15:59:00-04:00,373.19,eod,30,65.4000000000002,1.7999999999999998,63.60000000000021,0.6360000000000021,45.0,80.69999999999993,0.45,0.8069999999999993
2022-10-07,short,2022-10-07 10:00:00-04:00,365.42,369.22,357.82,2022-10-07 16:00:00-04:00,362.69,eod,26,70.98000000000047,1.56,69.42000000000047,0.6942000000000047,44.199999999999704,116.35000000000059,0.44199999999999706,1.163500000000006
2022-10-10,short,2022-10-10 10:00:00-04:00,361.65,364.17,356.6099999999999,2022-10-10 15:59:00-04:00,360.08,eod,39,61.229999999999734,2.34,58.88999999999973,0.5888999999999973,49.14000000000186,152.48999999999876,0.4914000000000186,1.5248999999999875
2022-10-11,short,2022-10-11 10:00:00-04:00,356.54,358.72,352.18,2022-10-11 11:03:00-04:00,358.72,stop,45,-98.1000000000003,2.6999999999999997,-100.80000000000031,-1.0080000000000031,124.64999999999918,32.40000000000123,1.2464999999999917,0.3240000000000123
2022-10-13,long,2022-10-13 10:04:00-04:00,352.5,348.125,361.25,2022-10-13 11:20:00-04:00,361.25,target,22,192.5,1.3199999999999998,191.18,1.9118000000000002,16.2800000000002,209.88000000000045,0.162800000000002,2.0988000000000047
2022-10-14,short,2022-10-14 10:00:00-04:00,366.1,370.23,357.84000000000003,2022-10-14 14:27:00-04:00,357.84000000000003,target,24,198.23999999999978,1.44,196.79999999999978,1.9679999999999978,12.479999999999563,198.7200000000007,0.12479999999999564,1.9872000000000072
2022-10-17,long,2022-10-17 10:12:00-04:00,367.27,363.97,373.8699999999999,2022-10-17 15:59:00-04:00,366.86,eod,30,-12.299999999999045,1.7999999999999998,-14.099999999999046,-0.14099999999999047,77.99999999999898,21.000000000001364,0.7799999999999898,0.21000000000001365
2022-10-18,short,2022-10-18 10:24:00-04:00,372.47,375.41,366.59000000000003,2022-10-18 15:59:00-04:00,371.19,eod,34,43.520000000001005,2.04,41.480000000001006,0.41480000000001005,7.139999999999304,166.94000000000085,0.07139999999999304,1.6694000000000084
2022-10-19,long,2022-10-19 10:20:00-04:00,370.77,367.89,376.53,2022-10-19 12:41:00-04:00,367.89,stop,34,-97.91999999999985,2.04,-99.95999999999985,-0.9995999999999985,100.979999999999,35.020000000001005,1.00979999999999,0.35020000000001006
2022-10-20,long,2022-10-20 10:01:00-04:00,369.74,367.18,374.86,2022-10-20 13:06:00-04:00,367.18,stop,39,-99.84000000000009,2.34,-102.18000000000009,-1.021800000000001,106.86000000000035,113.88000000000062,1.0686000000000035,1.1388000000000063
2022-10-21,long,2022-10-21 10:00:00-04:00,369.08,363.71,379.82,2022-10-21 15:59:00-04:00,374.3,eod,18,93.96000000000049,1.08,92.88000000000049,0.928800000000005,55.799999999999386,102.69000000000074,0.5579999999999938,1.0269000000000075
2022-10-24,short,2022-10-24 10:04:00-04:00,375.14,378.69,368.03999999999996,2022-10-24 14:42:00-04:00,378.69,stop,28,-99.40000000000032,1.68,-101.08000000000033,-1.0108000000000033,102.20000000000095,55.86000000000013,1.0220000000000096,0.5586000000000013
2022-10-25,long,2022-10-25 10:00:00-04:00,382.5,378.78,389.94000000000005,2022-10-25 16:00:00-04:00,384.7,eod,26,57.199999999999704,1.56,55.6399999999997,0.556399999999997,27.300000000000296,71.11000000000035,0.27300000000000296,0.7111000000000035
2022-10-26,long,2022-10-26 10:00:00-04:00,383.14,381.36,386.69999999999993,2022-10-26 11:09:00-04:00,386.69999999999993,target,56,199.35999999999694,3.36,195.99999999999693,1.9599999999999693,67.75999999999885,202.16000000000076,0.6775999999999885,2.021600000000008
2022-10-27,long,2022-10-27 10:16:00-04:00,384.205,380.53,391.555,2022-10-27 12:28:00-04:00,380.53,stop,27,-99.2250000000003,1.6199999999999999,-100.84500000000031,-1.0084500000000032,102.19499999999914,19.575000000000614,1.0219499999999915,0.19575000000000614
2022-10-28,long,2022-10-28 10:00:00-04:00,383.36,379.695,390.69000000000005,2022-10-28 15:59:00-04:00,388.99,eod,27,152.00999999999988,1.6199999999999999,150.38999999999987,1.5038999999999987,63.18000000000086,166.31999999999914,0.6318000000000086,1.6631999999999914
2022-10-31,short,2022-10-31 10:00:00-04:00,385.47,387.46,381.4900000000001,2022-10-31 11:24:00-04:00,387.46,stop,50,-99.49999999999761,3.0,-102.49999999999761,-1.0249999999999762,103.9999999999992,6.500000000002615,1.039999999999992,0.06500000000002615
2022-11-01,short,2022-11-01 10:00:00-04:00,387.81,390.37,382.69,2022-11-01 15:59:00-04:00,384.51,eod,39,128.70000000000044,2.34,126.36000000000044,1.2636000000000045,20.669999999998936,172.38000000000062,0.20669999999998936,1.7238000000000062
2022-11-02,short,2022-11-02 10:15:00-04:00,382.43,383.97,379.34999999999997,2022-11-02 14:00:00-04:00,383.97,stop,64,-98.56000000000131,3.84,-102.40000000000131,-1.0240000000000131,216.63999999999942,65.92000000000189,2.166399999999994,0.6592000000000189
2022-11-03,short,2022-11-03 10:00:00-04:00,369.1,372.2,362.9000000000001,2022-11-03 10:25:00-04:00,372.2,stop,32,-99.19999999999891,1.92,-101.11999999999891,-1.011199999999989,105.59999999999854,8.960000000000946,1.0559999999999854,0.08960000000000946
2022-11-03,long,2022-11-03 10:26:00-04:00,372.2,369.1,378.3999999999999,2022-11-03 15:59:00-04:00,371.035,eod,32,-37.279999999998836,1.92,-39.19999999999884,-0.39199999999998836,40.47999999999956,64.0,0.4047999999999956,0.64
2022-11-04,long,2022-11-04 10:23:00-04:00,377.32,372.29,387.37999999999994,2022-11-04 11:50:00-04:00,372.29,stop,19,-95.56999999999948,1.14,-96.70999999999948,-0.9670999999999949,102.40999999999974,27.17000000000013,1.0240999999999973,0.2717000000000013
2022-11-07,long,2022-11-07 10:16:00-05:00,378.2,375.53,383.54,2022-11-07 15:59:00-05:00,380.01,eod,37,66.97000000000008,2.2199999999999998,64.75000000000009,0.6475000000000009,85.83999999999975,87.3200000000005,0.8583999999999975,0.8732000000000051
2022-11-08,long,2022-11-08 10:14:00-05:00,381.23,379.54,384.61,2022-11-08 11:33:00-05:00,384.61,target,59,199.41999999999973,3.54,195.87999999999974,1.9587999999999974,11.209999999999866,200.0099999999992,0.11209999999999866,2.0000999999999918
2022-11-09,long,2022-11-09 10:05:00-05:00,380.065,378.28,383.63500000000005,2022-11-09 10:34:00-05:00,378.28,stop,56,-99.9600000000014,3.36,-103.3200000000014,-1.033200000000014,103.88000000000102,59.63999999999987,1.0388000000000102,0.5963999999999987
2022-11-09,short,2022-11-09 10:43:00-05:00,378.28,380.065,374.7099999999999,2022-11-09 11:44:00-05:00,380.065,stop,56,-99.9600000000014,3.36,-103.3200000000014,-1.033200000000014,108.64000000000306,39.759999999998854,1.0864000000000305,0.3975999999999885
2022-11-10,long,2022-11-10 10:00:00-05:00,389.75,385.67,397.90999999999997,2022-11-10 16:00:00-05:00,394.46,eod,24,113.03999999999951,1.44,111.59999999999951,1.1159999999999952,43.440000000000055,126.8400000000006,0.43440000000000056,1.268400000000006
2022-11-11,long,2022-11-11 10:06:00-05:00,396.09,393.66,400.9499999999999,2022-11-11 16:00:00-05:00,398.47,eod,41,97.58000000000214,2.46,95.12000000000215,0.9512000000000215,80.15499999999935,133.66000000000196,0.8015499999999934,1.3366000000000196
2022-11-14,long,2022-11-14 10:03:00-05:00,397.79,395.95,401.4700000000001,2022-11-14 15:54:00-05:00,395.95,stop,54,-99.36000000000172,3.2399999999999998,-102.60000000000171,-1.0260000000000171,105.30000000000246,128.51999999999975,1.0530000000000246,1.2851999999999975
2022-11-15,short,2022-11-15 10:50:00-05:00,400.02,402.29,395.4799999999999,2022-11-15 13:35:00-05:00,395.4799999999999,target,44,199.7600000000034,2.6399999999999997,197.12000000000342,1.9712000000000343,67.9800000000007,200.6400000000001,0.679800000000007,2.006400000000001
2022-11-16,short,2022-11-16 10:51:00-05:00,395.77,397.68,391.94999999999993,2022-11-16 15:59:00-05:00,395.51,eod,52,13.519999999999527,3.12,10.399999999999526,0.10399999999999526,92.04000000000201,46.27999999999929,0.9204000000000201,0.4627999999999929
2022-11-17,short,2022-11-17 10:00:00-05:00,390.28,391.68,387.4799999999999,2022-11-17 10:19:00-05:00,391.68,stop,71,-99.40000000000242,4.26,-103.66000000000243,-1.0366000000000242,105.79000000000065,8.519999999996287,1.0579000000000065,0.08519999999996287
2022-11-17,long,2022-11-17 10:20:00-05:00,391.68,390.28,394.4800000000001,2022-11-17 12:59:00-05:00,394.4800000000001,target,71,198.80000000000484,4.26,194.54000000000485,1.9454000000000484,97.27000000000032,200.21999999999952,0.9727000000000032,2.0021999999999953
2022-11-18,short,2022-11-18 10:00:00-05:00,395.575,397.7,391.325,2022-11-18 15:59:00-05:00,396.23,eod,47,-30.78500000000139,2.82,-33.60500000000139,-0.3360500000000139,65.56500000000182,117.73499999999979,0.6556500000000182,1.177349999999998
2022-11-21,short,2022-11-21 10:16:00-05:00,394.295,395.71,391.4650000000001,2022-11-21 15:59:00-05:00,394.56,eod,70,-18.549999999999045,4.2,-22.749999999999044,-0.22749999999999043,89.24999999999841,104.65000000000032,0.8924999999999841,1.046500000000003
2022-11-22,long,2022-11-22 10:12:00-05:00,396.81,395.22,399.98999999999995,2022-11-22 15:57:00-05:00,399.98999999999995,target,62,197.1599999999969,3.7199999999999998,193.4399999999969,1.934399999999969,17.04999999999859,200.26000000000113,0.1704999999999859,2.0026000000000113
2022-11-23,long,2022-11-23 10:06:00-05:00,401.78,399.51,406.31999999999994,2022-11-23 12:57:00-05:00,399.51,stop,44,-99.8799999999992,2.6399999999999997,-102.5199999999992,-1.025199999999992,103.6199999999983,34.7600000000009,1.036199999999983,0.347600000000009
2022-11-25,long,2022-11-25 10:01:00-05:00,402.52,401.575,404.40999999999997,2022-11-25 13:26:00-05:00,402.34,eod,105,-18.900000000000716,6.3,-25.200000000000717,-0.25200000000000716,69.29999999999666,38.85000000000048,0.6929999999999665,0.3885000000000048
2022-11-28,short,2022-11-28 10:25:00-05:00,399.03,400.78,395.53,2022-11-28 15:13:00-05:00,395.53,target,57,199.5,3.42,196.08,1.9608,28.5,205.76999999999754,0.285,2.057699999999975
2022-11-29,long,2022-11-29 10:25:00-05:00,396.61,395.27,399.2900000000001,2022-11-29 11:04:00-05:00,395.27,stop,74,-99.16000000000236,4.4399999999999995,-103.60000000000235,-1.0360000000000236,116.1799999999995,48.09999999999832,1.161799999999995,0.48099999999998316
2022-11-30,short,2022-11-30 10:00:00-05:00,394.885,396.14,392.375,2022-11-30 13:30:00-05:00,396.14,stop,79,-99.14499999999964,4.74,-103.88499999999964,-1.0388499999999963,163.9249999999991,103.49000000000018,1.639249999999991,1.0349000000000017
2022-12-01,long,2022-12-01 10:00:00-05:00,409.72,408.18,412.80000000000007,2022-12-01 10:01:00-05:00,408.18,stop,64,-98.56000000000131,3.84,-102.40000000000131,-1.0240000000000131,103.68000000000029,15.359999999996944,1.0368000000000028,0.15359999999996943
2022-12-01,short,2022-12-01 10:05:00-05:00,408.18,409.72,405.09999999999997,2022-12-01 10:30:00-05:00,405.09999999999997,target,64,197.12000000000262,3.84,193.28000000000262,1.932800000000026,21.11999999999898,214.08000000000175,0.2111999999999898,2.1408000000000174
2022-12-02,long,2022-12-02 10:13:00-05:00,404.04,402.295,407.53000000000003,2022-12-02 15:16:00-05:00,407.53000000000003,target,57,198.93000000000052,3.42,195.51000000000053,1.9551000000000054,43.32000000000272,212.89499999999754,0.43320000000002723,2.1289499999999753
2022-12-05,short,2022-12-05 10:00:00-05:00,403.31,404.91,400.10999999999996,2022-12-05 13:28:00-05:00,400.10999999999996,target,62,198.40000000000282,3.7199999999999998,194.68000000000282,1.9468000000000283,40.29999999999859,202.73999999999887,0.4029999999999859,2.0273999999999885
2022-12-06,short,2022-12-06 10:00:00-05:00,397.17,399.99,391.53000000000003,2022-12-06 16:00:00-05:00,393.78,eod,35,118.65000000000151,2.1,116.55000000000152,1.165500000000015,9.099999999999682,192.67499999999984,0.09099999999999682,1.9267499999999984
2022-12-07,short,2022-12-07 10:00:00-05:00,392.38,395.29,386.55999999999995,2022-12-07 10:52:00-05:00,395.29,stop,34,-98.94000000000085,2.04,-100.98000000000086,-1.0098000000000085,100.46999999999946,11.55999999999915,1.0046999999999946,0.1155999999999915
2022-12-07,long,2022-12-07 10:53:00-05:00,395.29,392.38,401.11000000000007,2022-12-07 11:34:00-05:00,392.38,stop,34,-98.94000000000085,2.04,-100.98000000000086,-1.0098000000000085,100.30000000000155,11.219999999999459,1.0030000000000154,0.11219999999999458
2022-12-08,long,2022-12-08 10:00:00-05:00,396.13,393.59,401.21000000000004,2022-12-08 15:59:00-05:00,396.135,eod,39,0.19499999999982265,2.34,-2.145000000000177,-0.021450000000001773,58.30500000000018,47.1899999999992,0.5830500000000017,0.471899999999992
2022-12-09,long,2022-12-09 10:59:00-05:00,396.84,394.12,402.2799999999999,2022-12-09 15:44:00-05:00,394.12,stop,36,-97.91999999999894,2.16,-100.07999999999893,-1.0007999999999893,100.43999999999869,27.36000000000172,1.0043999999999869,0.27360000000001716
2022-12-12,long,2022-12-12 10:01:00-05:00,394.71,393.42,397.2899999999999,2022-12-12 15:08:00-05:00,397.2899999999999,target,77,198.6599999999944,4.62,194.0399999999944,1.940399999999944,67.75999999999965,207.9000000000035,0.6775999999999965,2.079000000000035
2022-12-13,short,2022-12-13 10:06:00-05:00,407.49,410.31,401.85,2022-12-13 11:52:00-05:00,401.85,target,35,197.39999999999952,2.1,195.29999999999953,1.9529999999999952,25.374999999998806,198.45000000000056,0.25374999999998804,1.9845000000000055
2022-12-14,long,2022-12-14 10:00:00-05:00,403.9,401.63,408.43999999999994,2022-12-14 14:01:00-05:00,401.63,stop,44,-99.8799999999992,2.6399999999999997,-102.5199999999992,-1.025199999999992,120.3399999999981,64.2400000000016,1.203399999999981,0.642400000000016
2022-12-15,short,2022-12-15 10:00:00-05:00,391.32,395.205,383.55,2022-12-15 15:59:00-05:00,389.81,eod,25,37.74999999999977,1.5,36.24999999999977,0.3624999999999977,14.374999999999716,85.12499999999932,0.14374999999999716,0.8512499999999932
2022-12-16,short,2022-12-16 10:04:00-05:00,384.59,386.49,380.7899999999999,2022-12-16 15:59:00-05:00,383.35,eod,52,64.47999999999752,3.12,61.35999999999752,0.6135999999999752,20.800000000001774,182.51999999999953,0.20800000000001773,1.8251999999999953
2022-12-19,short,2022-12-19 10:05:00-05:00,381.95,383.78,378.29,2022-12-19 15:59:00-05:00,380.0,eod,54,105.29999999999939,3.2399999999999998,102.05999999999939,1.020599999999994,91.79999999999939,196.82999999999902,0.9179999999999938,1.9682999999999902
2022-12-20,long,2022-12-20 10:00:00-05:00,380.04,377.865,384.39000000000004,2022-12-20 16:00:00-05:00,380.5,eod,45,20.69999999999908,2.6999999999999997,17.99999999999908,0.1799999999999908,48.14999999999969,96.97499999999877,0.48149999999999693,0.9697499999999877
2022-12-21,long,2022-12-21 10:02:00-05:00,383.98,382.735,386.47,2022-12-21 10:42:00-05:00,386.47,target,80,199.20000000000073,4.8,194.40000000000072,1.944000000000007,19.200000000000728,202.39999999999782,0.19200000000000728,2.0239999999999783
2022-12-22,short,2022-12-22 10:01:00-05:00,380.99,383.365,376.24,2022-12-22 12:40:00-05:00,376.24,target,42,199.5,2.52,196.98,1.9698,11.969999999998663,200.97000000000105,0.11969999999998664,2.0097000000000107
2022-12-23,long,2022-12-23 10:17:00-05:00,381.19,378.06,387.45,2022-12-23 15:59:00-05:00,382.75,eod,31,48.36000000000007,1.8599999999999999,46.50000000000007,0.4650000000000007,35.33999999999958,57.350000000000705,0.3533999999999958,0.573500000000007
2022-12-27,short,2022-12-27 10:02:00-05:00,380.05,382.99,374.17,2022-12-27 10:46:00-05:00,382.99,stop,34,-99.95999999999992,2.04,-101.99999999999993,-1.0199999999999994,102.84999999999923,12.919999999999845,1.0284999999999922,0.12919999999999845
2022-12-27,long,2022-12-27 10:47:00-05:00,382.99,380.05,388.87,2022-12-27 15:59:00-05:00,381.335,eod,34,-56.270000000001005,2.04,-58.310000000001004,-0.58310000000001,84.66000000000031,2.719999999999459,0.8466000000000031,0.02719999999999459
2022-12-28,short,2022-12-28 10:29:00-05:00,380.69,383.33,375.41,2022-12-28 15:59:00-05:00,376.69,eod,37,148.0,2.2199999999999998,145.78,1.4578,13.320000000000505,154.66000000000025,0.13320000000000504,1.5466000000000024
2022-12-29,long,2022-12-29 10:00:00-05:00,381.775,379.12,387.0849999999999,2022-12-29 16:00:00-05:00,383.3,eod,37,56.42500000000126,2.2199999999999998,54.20500000000126,0.5420500000000126,14.059999999999832,94.90499999999992,0.1405999999999983,0.9490499999999992
